feature,importance
lane_width_nbr,0.08410396426916122
total_volume_nbr,0.08209937810897827
truck_volume_nbr,0.08026539534330368
year,0.07204566150903702
congestion_index_nbr,0.07111117243766785
delay_ratio_nbr,0.06182457506656647
ff_speed_nbr,0.06127559021115303
volume_capacity_ratio_nbr,0.06117302179336548
capacity_nbr,0.05455530062317848
year_poly2,0.05328136682510376
year_norm,0.04914340376853943
total_lanes_nbr,0.04729509726166725
truck_vmt_nbr,0.042614031583070755
section_length_nbr,0.03955916687846184
posted_speed_nbr,0.03852121904492378
vht_nbr,0.036583755165338516
congestion_delay_nbr,0.0331093855202198
vmt_nbr,0.03143855184316635
