timestamp,data_path,processed_path,model_path,features,target,mae,r2
2025-10-10T02:52:15.898395,backend/data,backend\data\processed\traffic_all_clean.csv,backend/models\traffic_model.pkl,posted_speed_nbr;total_lanes_nbr;capacity_nbr;total_volume_nbr;truck_volume_nbr,car_growth_nbr,0.4693277109533152,0.026700590816434833
2025-10-11T04:35:16.350026,backend/data,backend\data\processed\traffic_all_clean.csv,backend/models\traffic_model.pkl,posted_speed_nbr;total_lanes_nbr;capacity_nbr;total_volume_nbr;truck_volume_nbr,car_growth_nbr,6,0.5766512726320779,0.03583936155900769
2025-10-11T04:35:25.644931,backend/data,backend\data\processed\traffic_all_clean.csv,backend/models\traffic_model.pkl,posted_speed_nbr;total_lanes_nbr;capacity_nbr;total_volume_nbr;truck_volume_nbr,car_growth_nbr,6,0.5766512726320779,0.03583936155900769
2025-10-11T04:43:10.872288,backend/data,backend\data\processed\traffic_all_clean.csv,backend/models\traffic_model.pkl,posted_speed_nbr;total_lanes_nbr;capacity_nbr;total_volume_nbr;truck_volume_nbr,car_growth_nbr,,0.4693277109533152,0.026700590816434833
2025-10-11T04:57:49.444551,backend/data,backend\data\processed\traffic_all_clean.csv,backend/models\traffic_model.pkl,posted_speed_nbr;total_lanes_nbr;capacity_nbr;total_volume_nbr;truck_volume_nbr,car_growth_nbr,6,0.5766512726320779,0.03583936155900769
2025-10-11T05:00:28.662651,backend/data,backend\data\processed\traffic_all_clean.csv,backend/models\traffic_model.pkl,posted_speed_nbr;total_lanes_nbr;capacity_nbr;total_volume_nbr;truck_volume_nbr,car_growth_nbr,6,0.5766512726320779,0.03583936155900769
2025-10-14T05:27:09.571605,backend/data,backend\data\processed\traffic_all_clean.csv,backend/models\traffic_model.pkl,posted_speed_nbr;ff_speed_nbr;total_lanes_nbr;lane_width_nbr;capacity_nbr;total_volume_nbr;truck_volume_nbr;vmt_nbr;truck_vmt_nbr;vht_nbr;volume_capacity_ratio_nbr;congestion_index_nbr;congestion_delay_nbr;delay_ratio_nbr;section_length_nbr;median_width_nbr;fwy_art_nbr,car_growth_nbr,6,0.5758498663292438,0.035950130322297214
2025-10-14T05:27:15.788981,backend/data,backend\data\processed\traffic_all_clean.csv,backend/models\traffic_model.pkl,posted_speed_nbr;ff_speed_nbr;total_lanes_nbr;lane_width_nbr;capacity_nbr;total_volume_nbr;truck_volume_nbr;vmt_nbr;truck_vmt_nbr;vht_nbr;volume_capacity_ratio_nbr;congestion_index_nbr;congestion_delay_nbr;delay_ratio_nbr;section_length_nbr;median_width_nbr;fwy_art_nbr,car_growth_nbr,6,0.5758498663292438,0.035950130322297214
2025-10-14T06:24:12.341776,backend/data,backend\data\processed\traffic_all_clean.csv,backend/models\traffic_model.pkl,posted_speed_nbr;ff_speed_nbr;total_lanes_nbr;lane_width_nbr;capacity_nbr;total_volume_nbr;truck_volume_nbr;vmt_nbr;truck_vmt_nbr;vht_nbr;volume_capacity_ratio_nbr;congestion_index_nbr;congestion_delay_nbr;delay_ratio_nbr;section_length_nbr;median_width_nbr;fwy_art_nbr,car_growth_nbr,6,0.28431866907650283,0.669163948369572
2025-10-14T07:02:45.977787,backend/data,backend\data\processed\traffic_all_clean.csv,backend/models\traffic_model.pkl,posted_speed_nbr;ff_speed_nbr;total_lanes_nbr;lane_width_nbr;capacity_nbr;total_volume_nbr;truck_volume_nbr;vmt_nbr;truck_vmt_nbr;vht_nbr;volume_capacity_ratio_nbr;congestion_index_nbr;congestion_delay_nbr;delay_ratio_nbr;section_length_nbr;median_width_nbr;fwy_art_nbr,car_growth_nbr,6,0.28431866907650283,0.669163948369572
2025-11-03T23:19:18.681228,backend/data,backend\data\processed\traffic_all_clean.csv,backend/models\traffic_model.pkl,posted_speed_nbr;ff_speed_nbr;total_lanes_nbr;lane_width_nbr;capacity_nbr;total_volume_nbr;truck_volume_nbr;vmt_nbr;truck_vmt_nbr;vht_nbr;volume_capacity_ratio_nbr;congestion_index_nbr;congestion_delay_nbr;delay_ratio_nbr;section_length_nbr;median_width_nbr;fwy_art_nbr;year,car_growth_nbr,6,0.28431866907650283,0.669163948369572
2025-11-03T23:20:01.528975,backend/data,backend\data\processed\traffic_all_clean.csv,backend/models\traffic_model.pkl,posted_speed_nbr;ff_speed_nbr;total_lanes_nbr;lane_width_nbr;capacity_nbr;total_volume_nbr;truck_volume_nbr;vmt_nbr;truck_vmt_nbr;vht_nbr;volume_capacity_ratio_nbr;congestion_index_nbr;congestion_delay_nbr;delay_ratio_nbr;section_length_nbr;median_width_nbr;fwy_art_nbr;year,car_growth_nbr,6,0.28431866907650283,0.669163948369572
2025-11-03T23:50:33.407474,backend/data,backend\data\processed\traffic_all_clean.csv,backend/models\traffic_model.pkl,posted_speed_nbr;ff_speed_nbr;total_lanes_nbr;lane_width_nbr;capacity_nbr;total_volume_nbr;truck_volume_nbr;vmt_nbr;truck_vmt_nbr;vht_nbr;volume_capacity_ratio_nbr;congestion_index_nbr;congestion_delay_nbr;delay_ratio_nbr;section_length_nbr;median_width_nbr;fwy_art_nbr;year,car_growth_nbr,6,0.28431866907650283,0.669163948369572
2025-11-03T23:51:35.436369,backend/data,backend\data\processed\traffic_all_clean.csv,backend/models\traffic_model.pkl,posted_speed_nbr;ff_speed_nbr;total_lanes_nbr;lane_width_nbr;capacity_nbr;total_volume_nbr;truck_volume_nbr;vmt_nbr;truck_vmt_nbr;vht_nbr;volume_capacity_ratio_nbr;congestion_index_nbr;congestion_delay_nbr;delay_ratio_nbr;section_length_nbr;median_width_nbr;fwy_art_nbr;year,car_growth_nbr,6,0.28431866907650283,0.669163948369572
2025-11-04T00:01:11.355695,backend/data,backend\data\processed\traffic_all_clean.csv,backend/models\traffic_model.pkl,posted_speed_nbr;ff_speed_nbr;total_lanes_nbr;lane_width_nbr;capacity_nbr;total_volume_nbr;truck_volume_nbr;vmt_nbr;truck_vmt_nbr;vht_nbr;volume_capacity_ratio_nbr;congestion_index_nbr;congestion_delay_nbr;delay_ratio_nbr;section_length_nbr;median_width_nbr;fwy_art_nbr;year,car_growth_nbr,6,0.19440342961143342,0.8583218092492886
2025-11-04T00:01:33.613025,backend/data,backend\data\processed\traffic_all_clean.csv,backend/models\traffic_model.pkl,posted_speed_nbr;ff_speed_nbr;total_lanes_nbr;lane_width_nbr;capacity_nbr;total_volume_nbr;truck_volume_nbr;vmt_nbr;truck_vmt_nbr;vht_nbr;volume_capacity_ratio_nbr;congestion_index_nbr;congestion_delay_nbr;delay_ratio_nbr;section_length_nbr;median_width_nbr;fwy_art_nbr;year,car_growth_nbr,6,0.19440342961143342,0.8583218092492886
2025-11-04T03:14:02.879345,backend/data,backend\data\processed\traffic_all_clean.csv,backend/models\traffic_model.pkl,posted_speed_nbr;ff_speed_nbr;total_lanes_nbr;lane_width_nbr;capacity_nbr;total_volume_nbr;truck_volume_nbr;vmt_nbr;truck_vmt_nbr;vht_nbr;volume_capacity_ratio_nbr;congestion_index_nbr;congestion_delay_nbr;delay_ratio_nbr;section_length_nbr;median_width_nbr;fwy_art_nbr;year,car_growth_nbr,6,0.24926377385084564,0.7805250608364036
2025-11-13T23:18:29.282912,backend/data,backend\data\processed\traffic_all_clean.csv,backend/models\traffic_model.pkl,posted_speed_nbr;ff_speed_nbr;total_lanes_nbr;lane_width_nbr;capacity_nbr;total_volume_nbr;truck_volume_nbr;vmt_nbr;truck_vmt_nbr;vht_nbr;volume_capacity_ratio_nbr;congestion_index_nbr;congestion_delay_nbr;delay_ratio_nbr;section_length_nbr;median_width_nbr;fwy_art_nbr;year,car_growth_nbr,6,0.5173190392208521,0.6293030845627778
2025-11-13T23:20:04.970282,backend/data,backend\data\processed\traffic_all_clean.csv,backend/models\traffic_model.pkl,posted_speed_nbr;ff_speed_nbr;total_lanes_nbr;lane_width_nbr;capacity_nbr;total_volume_nbr;truck_volume_nbr;vmt_nbr;truck_vmt_nbr;vht_nbr;volume_capacity_ratio_nbr;congestion_index_nbr;congestion_delay_nbr;delay_ratio_nbr;section_length_nbr;median_width_nbr;fwy_art_nbr;year,car_growth_nbr,6,0.5173190392208521,0.6293030845627778
2025-11-13T23:23:16.072807,backend/data,backend\data\processed\traffic_all_clean.csv,backend/models\traffic_model.pkl,posted_speed_nbr;ff_speed_nbr;total_lanes_nbr;lane_width_nbr;capacity_nbr;total_volume_nbr;truck_volume_nbr;vmt_nbr;truck_vmt_nbr;vht_nbr;volume_capacity_ratio_nbr;congestion_index_nbr;congestion_delay_nbr;delay_ratio_nbr;section_length_nbr;median_width_nbr;fwy_art_nbr;year,car_growth_nbr,6,0.5173190392208521,0.6293030845627778
2025-11-13T23:35:34.558391,backend/data,backend\data\processed\traffic_all_clean.csv,backend/models\traffic_model.pkl,posted_speed_nbr;ff_speed_nbr;total_lanes_nbr;lane_width_nbr;capacity_nbr;total_volume_nbr;truck_volume_nbr;vmt_nbr;truck_vmt_nbr;vht_nbr;volume_capacity_ratio_nbr;congestion_index_nbr;congestion_delay_nbr;delay_ratio_nbr;section_length_nbr;median_width_nbr;fwy_art_nbr;year,car_growth_nbr,6,0.48708166503227973,0.2443838303929905
2025-11-13T23:35:47.965481,backend/data,backend\data\processed\traffic_all_clean.csv,backend/models\traffic_model.pkl,posted_speed_nbr;ff_speed_nbr;total_lanes_nbr;lane_width_nbr;capacity_nbr;total_volume_nbr;truck_volume_nbr;vmt_nbr;truck_vmt_nbr;vht_nbr;volume_capacity_ratio_nbr;congestion_index_nbr;congestion_delay_nbr;delay_ratio_nbr;section_length_nbr;median_width_nbr;fwy_art_nbr;year,car_growth_nbr,6,0.48708166503227973,0.2443838303929905
2025-11-13T23:42:02.399095,backend/data,backend\data\processed\traffic_all_clean.csv,backend/models\traffic_model.pkl,posted_speed_nbr;ff_speed_nbr;total_lanes_nbr;lane_width_nbr;capacity_nbr;total_volume_nbr;truck_volume_nbr;vmt_nbr;truck_vmt_nbr;vht_nbr;volume_capacity_ratio_nbr;congestion_index_nbr;congestion_delay_nbr;delay_ratio_nbr;section_length_nbr;year,car_growth_nbr,6,0.4792738073015088,0.2695179607307022
2025-11-13T23:42:16.525811,backend/data,backend\data\processed\traffic_all_clean.csv,backend/models\traffic_model.pkl,posted_speed_nbr;ff_speed_nbr;total_lanes_nbr;lane_width_nbr;capacity_nbr;total_volume_nbr;truck_volume_nbr;vmt_nbr;truck_vmt_nbr;vht_nbr;volume_capacity_ratio_nbr;congestion_index_nbr;congestion_delay_nbr;delay_ratio_nbr;section_length_nbr;year,car_growth_nbr,6,0.4792738073015088,0.2695179607307022
2025-11-13T23:52:07.904268,backend/data,backend\data\processed\traffic_all_clean.csv,backend/models\traffic_model.pkl,posted_speed_nbr;ff_speed_nbr;total_lanes_nbr;lane_width_nbr;capacity_nbr;total_volume_nbr;truck_volume_nbr;vmt_nbr;truck_vmt_nbr;vht_nbr;volume_capacity_ratio_nbr;congestion_index_nbr;congestion_delay_nbr;delay_ratio_nbr;section_length_nbr;year,car_growth_nbr,6,0.46816479178061265,0.2852151346113061
2025-11-13T23:58:07.164522,backend/data,backend\data\processed\traffic_all_clean.csv,backend/models\traffic_model.pkl,posted_speed_nbr;ff_speed_nbr;total_lanes_nbr;lane_width_nbr;capacity_nbr;total_volume_nbr;truck_volume_nbr;vmt_nbr;truck_vmt_nbr;vht_nbr;volume_capacity_ratio_nbr;congestion_index_nbr;congestion_delay_nbr;delay_ratio_nbr;section_length_nbr;year,car_growth_nbr,6,0.4692097424827464,0.28453986122878583
2025-11-21T00:08:27.289149,backend/data,backend\data\processed\traffic_all_clean.csv,backend/models\traffic_model.pkl,posted_speed_nbr;ff_speed_nbr;total_lanes_nbr;lane_width_nbr;capacity_nbr;total_volume_nbr;truck_volume_nbr;vmt_nbr;truck_vmt_nbr;vht_nbr;volume_capacity_ratio_nbr;congestion_index_nbr;congestion_delay_nbr;delay_ratio_nbr;section_length_nbr;year,car_growth_nbr,6,0.4692097424827464,0.28453986122878583
2025-11-21T00:09:01.584929,backend/data,backend\data\processed\traffic_all_clean.csv,backend/models\traffic_model.pkl,posted_speed_nbr;ff_speed_nbr;total_lanes_nbr;lane_width_nbr;capacity_nbr;total_volume_nbr;truck_volume_nbr;vmt_nbr;truck_vmt_nbr;vht_nbr;volume_capacity_ratio_nbr;congestion_index_nbr;congestion_delay_nbr;delay_ratio_nbr;section_length_nbr;year,car_growth_nbr,6,0.4692097424827464,0.28453986122878583
2025-11-21T00:23:11.104204,backend/data,backend\data\processed\traffic_all_clean.csv,backend/models\traffic_model.pkl,posted_speed_nbr;ff_speed_nbr;total_lanes_nbr;lane_width_nbr;capacity_nbr;total_volume_nbr;truck_volume_nbr;vmt_nbr;truck_vmt_nbr;vht_nbr;volume_capacity_ratio_nbr;congestion_index_nbr;congestion_delay_nbr;delay_ratio_nbr;section_length_nbr;year;car_growth_lag1;total_volume_lag1,car_growth_nbr,6,0.4692097424827464,0.28453986122878583
2025-11-21T00:23:27.270005,backend/data,backend\data\processed\traffic_all_clean.csv,backend/models\traffic_model.pkl,posted_speed_nbr;ff_speed_nbr;total_lanes_nbr;lane_width_nbr;capacity_nbr;total_volume_nbr;truck_volume_nbr;vmt_nbr;truck_vmt_nbr;vht_nbr;volume_capacity_ratio_nbr;congestion_index_nbr;congestion_delay_nbr;delay_ratio_nbr;section_length_nbr;year;car_growth_lag1;total_volume_lag1,car_growth_nbr,6,0.4692097424827464,0.28453986122878583
2025-11-21T00:47:07.561397,backend/data,backend\data\processed\traffic_all_clean.csv,backend/models\traffic_model.pkl,posted_speed_nbr;ff_speed_nbr;total_lanes_nbr;lane_width_nbr;capacity_nbr;total_volume_nbr;truck_volume_nbr;vmt_nbr;truck_vmt_nbr;vht_nbr;volume_capacity_ratio_nbr;congestion_index_nbr;congestion_delay_nbr;delay_ratio_nbr;section_length_nbr;year;car_growth_lag1;total_volume_lag1,car_growth_nbr,6,0.4692097424827464,0.28453986122878583
2025-11-21T00:59:07.015906,backend/data,backend\data\processed\traffic_all_clean.csv,backend/models\traffic_model.pkl,posted_speed_nbr;ff_speed_nbr;total_lanes_nbr;lane_width_nbr;capacity_nbr;total_volume_nbr;truck_volume_nbr;vmt_nbr;truck_vmt_nbr;vht_nbr;volume_capacity_ratio_nbr;congestion_index_nbr;congestion_delay_nbr;delay_ratio_nbr;section_length_nbr;year;car_growth_lag1;total_volume_lag1,car_growth_nbr,6,0.4692097424827464,0.28453986122878583
2025-11-21T01:19:23.094947,backend/data,backend\data\processed\traffic_all_clean.csv,backend/models\traffic_model.pkl,posted_speed_nbr;ff_speed_nbr;total_lanes_nbr;lane_width_nbr;capacity_nbr;total_volume_nbr;truck_volume_nbr;vmt_nbr;truck_vmt_nbr;vht_nbr;volume_capacity_ratio_nbr;congestion_index_nbr;congestion_delay_nbr;delay_ratio_nbr;section_length_nbr;year;car_growth_lag1;total_volume_lag1,car_growth_nbr,6,0.4692097424827464,0.28453986122878583
2025-11-25T04:54:13.998958,backend/data,backend\data\processed\traffic_all_clean.csv,backend/models\traffic_model.pkl,posted_speed_nbr;ff_speed_nbr;total_lanes_nbr;lane_width_nbr;capacity_nbr;total_volume_nbr;truck_volume_nbr;vmt_nbr;truck_vmt_nbr;vht_nbr;volume_capacity_ratio_nbr;congestion_index_nbr;congestion_delay_nbr;delay_ratio_nbr;section_length_nbr;year;car_growth_lag1;car_growth_roll2;car_growth_roll3;total_volume_lag1,car_growth_nbr,6,0.4692097424827464,0.28453986122878583
2025-11-25T05:51:54.998677,backend/data,backend\data\processed\traffic_all_clean.csv,backend/models\traffic_model.pkl,posted_speed_nbr;ff_speed_nbr;total_lanes_nbr;lane_width_nbr;capacity_nbr;total_volume_nbr;truck_volume_nbr;vmt_nbr;truck_vmt_nbr;vht_nbr;volume_capacity_ratio_nbr;congestion_index_nbr;congestion_delay_nbr;delay_ratio_nbr;section_length_nbr;year;car_growth_lag1;car_growth_roll2;car_growth_roll3;total_volume_lag1,car_growth_nbr,6,0.4692097424827464,0.28453986122878583
2025-11-25T05:54:25.736776,backend/data,backend\data\processed\traffic_all_clean.csv,backend/models\traffic_model.pkl,posted_speed_nbr;ff_speed_nbr;total_lanes_nbr;lane_width_nbr;capacity_nbr;total_volume_nbr;truck_volume_nbr;vmt_nbr;truck_vmt_nbr;vht_nbr;volume_capacity_ratio_nbr;congestion_index_nbr;congestion_delay_nbr;delay_ratio_nbr;section_length_nbr;year;car_growth_lag1;car_growth_roll2;car_growth_roll3;total_volume_lag1,car_growth_nbr,6,0.4692097424827464,0.28453986122878583
2025-11-25T05:58:59.654271,backend/data,backend\data\processed\traffic_all_clean.csv,backend/models\traffic_model.pkl,posted_speed_nbr;ff_speed_nbr;total_lanes_nbr;lane_width_nbr;capacity_nbr;total_volume_nbr;truck_volume_nbr;vmt_nbr;truck_vmt_nbr;vht_nbr;volume_capacity_ratio_nbr;congestion_index_nbr;congestion_delay_nbr;delay_ratio_nbr;section_length_nbr;year;car_growth_lag1;car_growth_roll2;car_growth_roll3;total_volume_lag1,car_growth_nbr,6,0.4692097424827464,0.28453986122878583
2025-11-25T06:05:35.289518,backend/data,backend\data\processed\traffic_all_clean.csv,backend/models\traffic_model.pkl,posted_speed_nbr;ff_speed_nbr;total_lanes_nbr;lane_width_nbr;capacity_nbr;total_volume_nbr;truck_volume_nbr;vmt_nbr;truck_vmt_nbr;vht_nbr;volume_capacity_ratio_nbr;congestion_index_nbr;congestion_delay_nbr;delay_ratio_nbr;section_length_nbr;year;car_growth_lag1;car_growth_roll2;car_growth_roll3;total_volume_lag1,car_growth_nbr,6,0.4692097424827464,0.28453986122878583
2025-11-25T06:16:33.304663,backend/data,backend\data\processed\traffic_all_clean.csv,backend/models\traffic_model.pkl,posted_speed_nbr;ff_speed_nbr;total_lanes_nbr;lane_width_nbr;capacity_nbr;total_volume_nbr;truck_volume_nbr;vmt_nbr;truck_vmt_nbr;vht_nbr;volume_capacity_ratio_nbr;congestion_index_nbr;congestion_delay_nbr;delay_ratio_nbr;section_length_nbr;year;car_growth_lag1;car_growth_roll2;car_growth_roll3;total_volume_lag1,car_growth_nbr,6,0.4692097424827464,0.28453986122878583
2025-11-25T06:23:04.092517,backend/data,backend\data\processed\traffic_all_clean.csv,backend/models\traffic_model.pkl,posted_speed_nbr;ff_speed_nbr;total_lanes_nbr;lane_width_nbr;capacity_nbr;total_volume_nbr;truck_volume_nbr;vmt_nbr;truck_vmt_nbr;vht_nbr;volume_capacity_ratio_nbr;congestion_index_nbr;congestion_delay_nbr;delay_ratio_nbr;section_length_nbr;year;car_growth_lag1;car_growth_roll2;car_growth_roll3;total_volume_lag1,car_growth_nbr,6,0.4692097424827464,0.28453986122878583
2025-11-26T22:10:57.593588,backend/data,backend\data\processed\traffic_all_clean.csv,backend/models\traffic_model.pkl,posted_speed_nbr;ff_speed_nbr;total_lanes_nbr;lane_width_nbr;capacity_nbr;total_volume_nbr;truck_volume_nbr;vmt_nbr;truck_vmt_nbr;vht_nbr;volume_capacity_ratio_nbr;congestion_index_nbr;congestion_delay_nbr;delay_ratio_nbr;section_length_nbr;year;year_norm;year_poly2,car_growth_nbr,6,0.46259633655686466,0.3041038499290506
2025-11-26T22:11:21.989963,backend/data,backend\data\processed\traffic_all_clean.csv,backend/models\traffic_model.pkl,posted_speed_nbr;ff_speed_nbr;total_lanes_nbr;lane_width_nbr;capacity_nbr;total_volume_nbr;truck_volume_nbr;vmt_nbr;truck_vmt_nbr;vht_nbr;volume_capacity_ratio_nbr;congestion_index_nbr;congestion_delay_nbr;delay_ratio_nbr;section_length_nbr;year;year_norm;year_poly2,car_growth_nbr,6,0.46259633655686466,0.3041038499290506
2025-11-27T04:13:44.203603,backend/data,backend\data\processed\traffic_all_clean.csv,backend/models\traffic_model.pkl,posted_speed_nbr;ff_speed_nbr;total_lanes_nbr;lane_width_nbr;capacity_nbr;total_volume_nbr;truck_volume_nbr;vmt_nbr;truck_vmt_nbr;vht_nbr;volume_capacity_ratio_nbr;congestion_index_nbr;congestion_delay_nbr;delay_ratio_nbr;section_length_nbr;year;year_norm;year_poly2,car_growth_nbr,6,0.46259633655686466,0.3041038499290506
2025-11-27T05:05:48.317292,backend/data,backend\data\processed\traffic_all_clean.csv,backend/models\traffic_model.pkl,posted_speed_nbr;ff_speed_nbr;total_lanes_nbr;lane_width_nbr;capacity_nbr;total_volume_nbr;truck_volume_nbr;vmt_nbr;truck_vmt_nbr;vht_nbr;volume_capacity_ratio_nbr;congestion_index_nbr;congestion_delay_nbr;delay_ratio_nbr;section_length_nbr;year;year_norm;year_poly2,car_growth_nbr,6,0.46259633655686466,0.3041038499290506
